DWSIM time,Surrogate Single Eval,Surrogate Batch Eval
4.0966840489768,0.00022755704,0.006358253
