DWSIM time,Surrogate Single Eval,Surrogate Batch Eval
7.53579191827546,0.00023964388,0.007354695
