DWSIM time,Surrogate Single Eval,Surrogate Batch Eval
4.05002738471902,0.00015650914,0.003889875
